Type,Nombre,RR_moyen,RR_ecart,Amplitude_moyenne,Fréquence_cardiaque_moyenne,RR_ratio_moyen
N,2238,791.9684100730145,43.72265512559841,0.8598080837364863,76.02302566072615,0.9939101142424834
V,1,1130.5555555555554,,-2.303794572708136,53.071253071253075,2.1088082901554404
A,33,964.8148148148148,43.277132952929236,0.8800616404408104,62.31178099844751,1.6311314731702728
